解説→,https://hackmd.io/OwFgxgnBBmCMsFoBMATaBWBIkEMUKgA5EAGCFAUwDYwkR0SBmdIA,,,,
進捗率(完了日をカウント)→,42.61%,,,,
Wikidata ID,name,,,,
UI用DBカラム名,name_full,name_last,name_first,,
wikdiata_concept,label,,,,
wikidata,名前（フル）,名前（姓）,名前（名）,,
Q11596723,稲津久,稲津,久,Q11596723,
Q41583708,女鹿武,女鹿,武,-1,
Q41618899,神谷裕,神谷,裕,-1,
未登録→登録しない,佐々木とし子,佐々木,とし子,-1,
Q41768440,石川香織,石川,香織,-1,
Q1655755,中川郁子,中川,郁子,Q1655755,
Q41770566,菅原誠,菅原,誠,-1,
Q41770567,水上美華,水上,美華,-1,
Q11546586,武部新,武部,新,Q11546586,
Q41770568,森英士,森,英士,-1,
Q130856,横路孝弘,横路,孝弘,Q130856,
Q41770570,道下大樹,道下,大樹,-1,
Q11614128,船橋利実,船橋,利実,Q11614128,
Q41770571,金倉昌俊,金倉,昌俊,-1,
Q41770572,小和田康文,小和田,康文,-1,
Q6389412,松木謙公,松木,謙公,Q6389412,
Q7677156,吉川貴盛,吉川,貴盛,Q7677156,
Q41770573,川部竜二,川部,竜二,-1,
Q11670038,高木宏壽,高木,宏壽,Q11670038,
Q41770575,佐々木明美,佐々木,明美,-1,
Q11519999,本多平直,本多,平直,Q11519999,
Q11365989,中村裕之,中村,裕之,Q11365989,
Q41770577,森山佳則,森山,佳則,-1,
Q41770579,池田真紀,池田,真紀,Q11552069,別人？
Q23907516,和田義明,和田,義明,Q23907516,
Q41770580,荻生和敏,荻生,和敏,-1,
Q7677066,佐々木隆博,佐々木,隆博,Q7677066,
Q41770581,石川明美,石川,明美,-1,
Q11379575,伊東良孝,伊東,良孝,Q11379575,
Q41770582,本間勝美,本間,勝美,-1,
Q7446737,逢坂誠二,逢坂,誠二,Q7446737,
Q41770583,松橋千春,松橋,千春,-1,
Q11467842,山岡達丸,山岡,達丸,Q11467842,
Q1131407,堀井学,堀井,学,Q1131407,
Q11384409,佐藤英道,佐藤,英道,Q11384409,
Q18817972,畠山和也,畠山,和也,Q18817972,
Q1478311,荒井聰,荒井,聰,Q1478311,
Q17160031,鈴木貴子,鈴木,貴子,Q11649287,
Q11377294,今津寛,今津,寛,Q11377294,
Q11397382,前田一男,前田,一男,Q11397382,
Q11562188,渡辺孝一,渡辺,孝一,Q11562188,
Q41770584,赤平勇人,赤平,勇人,-1,
Q11556075,津島淳,津島,淳,Q11556075,
Q41770585,奥本菜保巳,奥本,菜保巳,-1,
Q41770587,工藤武司,工藤,武司,-1,
Q49999,江渡聡徳,江渡,聡徳,Q49999,
Q41770589,高柳博明,高柳,博明,-1,
Q41770590,三国佑貴,三国,佑貴,-1,
Q41770593,山内崇,山内,崇,-1,
Q49998,大島理森,大島,理森,Q49998,
Q41770594,木村次郎,木村,次郎,-1,
Q41770595,吉田恭子,吉田,恭子,Q10917320,別人
Q49875,階猛,階,猛,Q49875,
Q11671375,高橋比奈子,高橋,比奈子,Q11671375,
Q11578483,畑浩治,畑,浩治,Q11578483,
Q3482658,鈴木俊一,鈴木,俊一,Q3482656,
Q41770597,菊池幸夫,菊池,幸夫,Q1916906,別人
Q7827415,黄川田徹,黄川田,徹,Q7827415,
Q459998,小沢一郎,小沢,一郎,Q459998,
Q41770599,松井秀明,松井,秀明,-1,
Q41770601,油井哲史,油井,哲史,-1,
Q41770602,岡本章子,岡本,章子,-1,
Q41770603,畠山昌樹,畠山,昌樹,-1,
Q7862709,土井亨,土井,亨,Q7862709,
Q41770604,佐藤克之,佐藤,克之,Q11383724,別人
Q11651021,鎌田さゆり,鎌田,さゆり,Q11651021,
Q49996,秋葉賢也,秋葉,賢也,Q49996,
Q41770605,吉田剛,吉田,剛,Q11413629,別人
Q41770606,一條芳弘,一條,芳弘,-1,
Q4700938,西村明宏,西村,明宏,Q4700938,
Q41770608,戸津川永,戸津川,永,-1,
Q41770609,坂東毅彦,坂東,毅彦,-1,
Q7497782,伊藤信太郎,伊藤,信太郎,Q7497782,
Q212400,安住淳,安住,淳,Q212400,
Q41770610,横田有史,横田,有史,-1,
Q49969,小野寺五典,小野寺,五典,Q49969,
Q41770611,斉藤大悟,斉藤,大悟,-1,
Q11395120,冨樫博之,冨樫,博之,Q11395120,
Q41770613,藤本友里,藤本,友里,-1,
Q41770614,緑川貴士,緑川,貴士,-1,
Q11647681,金田勝年,金田,勝年,Q11647681,
Q49988,御法川信英,御法川,信英,Q49988,
Q41770615,石川渉,石川,渉,-1,
Q41770616,荒井寛,荒井,寛,-1,
Q7827620,遠藤利明,遠藤,利明,Q7827620,
Q41770618,岩本康嗣,岩本,康嗣,-1,
Q11648868,鈴木憲和,鈴木,憲和,Q11648868,
Q41770619,加藤太一,加藤,太一,-1,
Q41770620,城取良太,城取,良太,-1,
Q11657813,阿部寿一,阿部,寿一,Q11657813,
Q18701018,加藤鮎子,加藤,鮎子,Q18701018,
Q41770621,斎藤朝興,斎藤,朝興,-1,
Q8056299,亀岡偉民,亀岡,偉民,Q8056299,
Q41770622,平善彦,平,善彦,-1,
Q41770623,岡部光規,岡部,光規,-1,
Q1704924,根本匠,根本,匠,Q1704924,
Q41770624,橋本健二,橋本,健二,Q11543840,別人
Q58213,玄葉光一郎,玄葉,光一郎,Q58213,
Q41770625,上杉謙太郎,上杉,謙太郎,-1,
Q41770626,古川芳憲,古川,芳憲,-1,
Q11462766,小熊慎司,小熊,慎司,Q11462766,
Q41770628,渡辺敏雄,渡辺,敏雄,-1,
Q41770630,熊谷智,熊谷,智,-1,
Q41770631,遠藤陽子,遠藤,陽子,-1,
Q49949,吉野正芳,吉野,正芳,Q49949,
Q6102348,吉田泉,吉田,泉,Q6102348,
Q41770632,大内久美子,大内,久美子,-1,
Q41770634,川辺賢一,川辺,賢一,-1,
Q11576787,田所嘉徳,田所,嘉徳,Q11576787,
Q41770635,星野文雄,星野,文雄,-1,
Q11586782,石津政雄,石津,政雄,Q11586782,
Q1207174,額賀福志郎,額賀福,志郎,Q1207174,
Q41770636,林京,林,京,-1,
Q41770637,安部一真,安部,一真,-1,
Q8049977,葉梨康弘,葉梨,康弘,Q8049977,
Q41770639,堀江鶴治,堀江,鶴治,-1,
Q5770884,梶山弘志,梶山,弘志,Q5770884,
Q41770640,川崎篤子,川崎,篤子,-1,
Q418119,大畠章宏,大畠,章宏,Q418119,
Q41770642,浅野哲,浅野,哲,-1,
Q41770643,古沢喜幸,古沢,喜幸,-1,
Q41770646,青山大人,青山,大人,-1,
Q861808,丹羽雄哉,丹羽,雄哉,Q861808,
Q41770647,国光文乃,国光,文乃,-1,
Q41770649,石嶋巌,石嶋,巌,-1,
Q6416606,中村喜四郎,中村,喜四郎,Q6416606,
Q41770650,青木弘,青木,弘,Q11661721,別人
Q11533657,柏倉祐司,柏倉,祐司,Q11533657,
Q41770651,渡辺典喜,渡辺,典喜,-1,
Q5639959,船田元,船田,元,Q5639959,
Q41770652,小池一徳,小池,一徳,-1,
Q3435725,福田昭夫,福田,昭夫,Q3435725,
Q41770653,槙昌三,槙,昌三,-1,
Q41770655,石渡剛,石渡,剛,-1,
Q11603860,簗和生,簗,和生,Q11603860,
Q41770656,山崎寿彦,山崎,寿彦,-1,
Q41770657,藤岡隆雄,藤岡,隆雄,-1,
Q1133360,佐藤勉,佐藤,勉,Q1133360,
Q41770658,川上均,川上,均,-1,
Q11439189,大豆生田実,大豆生田実,実,Q11439189,
Q1655453,茂木敏充,茂木,敏充,Q1655453,
Q41770659,店橋世津子,店橋,世津子,-1,
Q41770661,中曽根康隆,中曽根,康隆,-1,
Q5533162,佐田玄一郎,佐田,玄一郎,Q5533162,
Q41770662,長谷田直之,長谷田,直之,-1,
Q11373778,井野俊郎,井野,俊郎,Q11373778,
Q41770663,渋沢哲男,渋沢,哲男,-1,
Q41770664,長谷川嘉一,長谷川,嘉一,-1,
Q11602573,笹川博義,笹川,博義,Q11602573,
Q41770665,萩原貞夫,萩原,貞夫,-1,
Q11361823,不破弘樹,不破,弘樹,Q11361823,
Q2506910,福田達夫,福田,達夫,Q2506910,
Q41770666,伊藤達也,伊藤,達也,Q614476,別人の政治家？？（自民党と共産党で同姓同名？）
Q41770667,高橋宣之,高橋,宣之,-1,
Q455848,小渕優子,小渕,優子,Q455848,
Q7676160,山口泰明,山口,泰明,Q7676160,
Q41770669,柴岡祐真,柴岡,祐真,-1,
Q11462582,小泉龍司,小泉,龍司,Q11462582,
Q41770670,林秀洋,林,秀洋,-1,
Q41770671,森田俊和,森田,俊和,-1,
Q11645002,野中厚,野中,厚,Q11645002,
Q41770672,赤岸雅治,赤岸,雅治,-1,
Q41770673,三角創太,三角,創太,-1,
Q41770675,池田万佐代,池田,万佐代,-1,
Q11423241,土屋品子,土屋,品子,Q11423241,
Q41770677,苗村京子,苗村,京子,-1,
Q11649189,鈴木義弘,鈴木,義弘,Q11649189,
Q41770678,榛野博,榛野,博,-1,
Q11353993,三ッ林裕巳,三ッ林,裕巳,Q11353993,
Q18700742,梅村早江子,梅村,早江子,Q18700742,
Q7426418,高山智司,高山,智司,Q7426418,
Q7385322,田中良生,田中,良生,Q7385322,
Q41770679,鳥羽恵,鳥羽,恵,-1,
Q11523004,村井英樹,村井,英樹,Q11523004,
Q41770680,平川道也,平川,道也,-1,
Q41770682,菅克己,菅,克己,-1,
Q529792,新藤義孝,新藤,義孝,Q529792,
Q41770683,平野厚子,平野,厚子,-1,
Q41770685,飯田剛,飯田,剛,-1,
Q41770686,山川百合子,山川,百合子,-1,
Q11677736,黄川田仁志,黄川田,仁志,Q11677736,
Q41770687,朝賀英義,朝賀,英義,-1,
Q41770688,吉田芳朝,吉田,芳朝,-1,
Q11634137,豊田真由子,豊田,真由子,Q11634137,
Q41770689,青柳仁士,青柳,仁士,-1,
Q41770690,穂坂泰,穂坂,泰,-1,
Q41770691,山本悠子,山本,悠子,-1,
Q732087,枝野幸男,枝野,幸男,Q732087,
Q41770692,戸口佐一,戸口,佐一,-1,
Q4817826,大島敦,大島,敦,Q4817826,
Q41770694,長沼チネ,長沼,チネ,-1,
Q11589528,神山佐市,神山,佐市,Q11589528,
Q41770695,辻源巳,辻,源巳,-1,
Q11463967,小野塚勝俊,小野塚,勝俊,Q11463967,
Q6782350,柴山昌彦,柴山,昌彦,Q6782350,
Q41770696,神田三春,神田,三春,-1,
Q41770697,杉村慎治,杉村,慎治,-1,
Q7678536,大塚拓,大塚,拓,Q7678536,
Q41770698,笠原正実,笠原,正実,-1,
Q11633044,谷田川元,谷田川,元,Q11633044,
Q926370,林幹雄,林,幹雄,Q926370,
Q41770700,椎名史明,椎名,史明,-1,
Q41770702,多ケ谷亮,多ケ谷,亮,-1,
Q1133194,森英介,森,英介,Q1133194,
Q41770703,大西航,大西,航,-1,
Q41770705,皆川眞一郎,皆川,眞一郎,-1,
Q1132836,浜田靖一,浜田,靖一,Q1132836,
Q41770706,宮川伸,宮川,伸,-1,
Q11580448,白須賀貴樹,白須賀,貴樹,Q11580448,
Q41770708,大野隆,大野,隆,-1,
Q6360573,田嶋要,田嶋,要,Q6360573,
Q11653978,長谷川豊,長谷川,豊,Q11653978,
Q41770709,上野洋嗣,上野,洋嗣,-1,
Q41770711,樋口博康,樋口,博康,-1,
Q41770712,藤巻健太,藤巻,健太,-1,
Q11461955,小林鷹之,小林,鷹之,Q11461955,
Q41770713,飯島誠之助,飯島,誠之助,-1,
Q5770251,松野博一,松野,博一,Q5770251,
Q11472782,岡島一正,岡島,一正,Q11472782,
Q41770714,深津俊郎,深津,俊郎,-1,
Q57647,野田佳彦,野田,佳彦,Q57647,
Q41770715,木村哲也,木村,哲也,Q11518768,別人？
Q41770717,渡辺正二,渡辺,正二,-1,
Q11523550,村越祐民,村越,祐民,Q11523550,
Q1965622,薗浦健太郎,薗浦,健太郎,Q1965622,
Q41770718,浦野真,浦野,真,-1,
Q11574554,生方幸夫,生方,幸夫,Q11574554,
Q41770719,星健太郎,星,健太郎,-1,
Q11562133,渡辺博道,渡辺,博道,Q11562133,
Q41770721,渡部隆夫,渡部,隆夫,-1,
Q41770722,石塚貞通,石塚,貞通,-1,
Q11679075,齋藤健,齋藤,健,Q11679075,
Q41770723,小野里定良,小野里,定良,-1,
Q8056290,桜田義孝,桜田,義孝,Q8056290,
Q41770724,鴨志田安代,鴨志田,安代,-1,
Q41769890,岸良信,岸,良信,-1,
Q11616618,若狭勝,若狭,勝,Q11616618,
Q41769891,吉井利光,吉井,利光,-1,
Q41769795,鈴木庸介,鈴木,庸介,-1,
Q41769946,小堤東,小堤,東,-1,
Q41769947,前田順一郎,前田,順一郎,-1,
Q1655220,下村博文,下村,博文,,
Q337406,太田昭宏,太田,昭宏,Q337406,
Q18669603,池内沙織,池内,沙織,Q18669603,
Q41769948,祖父江元希,祖父江,元希,-1,
Q41769950,北條智彦,北條,智彦,-1,
Q730991,鴨下一郎,鴨下,一郎,Q730991,
Q41769951,阿藤和之,阿藤,和之,-1,
Q41769952,清井美穂,清井,美穂,-1,
Q41769953,清水啓史,清水,啓史,-1,
Q11518735,木村剛司,木村,剛司,Q11518735,
Q6842917,松島みどり,松島,みどり,Q6842917,
Q41769955,吉田年男,吉田,年男,-1,
Q11535033,柿沢未途,柿沢,未途,Q11535033,
Q41770033,猪野隆,猪野,隆,-1,
Q41770034,見山伸路,見山,伸路,-1,
Q11366452,中津川博郷,中津川,博郷,Q11366452,
Q11438916,大西英男,大西,英男,Q11438916,
Q41770036,新井杉生,新井,杉生,-1,
Q41770037,伊藤正樹,伊藤,正樹,Q11380224,別人？
Q6378065,平沢勝栄,平沢,勝栄,Q6378065,
Q41770039,橋本繁樹,橋本,繁樹,-1,
Q6782686,土屋正忠,土屋,正忠,Q6782686,
Q41770041,杉下茂雄,杉下,茂雄,-1,
Q2576975,末松義規,末松,義規,Q2576975,
Q5680924,松本洋平,松本,洋平,Q5680924,
Q41770042,冨田直樹,冨田,直樹,-1,
Q41770043,原口実季,原口,実季,-1,
Q806947,海江田万里,海江田,万里,Q806947,
Q11470608,山田美樹,山田,美樹,Q11470608,
Q11599306,竹田光明,竹田,光明,Q11599306,
Q11518222,木原誠二,木原,誠二,Q11518222,
Q41770225,田川豊,田川,豊,,別人？
Q11462993,小田原潔,小田原,潔,Q11462993,
Q41770226,阿部真,阿部,真,-1,
Q11470885,山花郁夫,山花,郁夫,Q11470885,
Q41770228,鹿野晃,鹿野,晃,-1,
Q614476,伊藤達也,伊藤,達也,Q614476,
Q41770229,松村亮佑,松村,亮佑,-1,
Q11544691,櫛渕万里,櫛渕,万里,Q11544691,
Q41770230,伊藤俊輔,伊藤,俊輔,Q11379856,別人？
Q11458942,小倉將信,小倉,將信,Q11458942,
Q41770231,飯田美弥子,飯田,美弥子,-1,
Q41770233,高橋斉久,高橋,斉久,-1,
Q6426211,萩生田光一,萩生田,光一,Q6426211,
Q41770235,井上宣,井上,宣,-1,
Q41770236,山下容子,山下,容子,-1,
Q7497583,井上信治,井上,信治,Q7497583,
Q41770238,石沢憲之,石沢,憲之,-1,
Q41770239,松尾明弘,松尾,明弘,-1,
Q11437735,大熊利昭,大熊,利昭,Q11437735,
Q11638274,辻清人,辻,清人,Q11638274,
Q41770450,香西克介,香西,克介,-1,
Q506730,石原宏高,石原,宏高,Q506730,
Q41770452,青山昂平,青山,昂平,-1,
Q11373555,井戸正枝,井戸,正枝,Q11373555,
Q6782264,平将明,平,将明,Q6782264,
Q41770453,宮本栄,宮本,栄,-1,
Q11496954,手塚仁雄,手塚,仁雄,Q11496954,
Q41770455,小林学,小林,学,-1,
Q6389383,若宮健嗣,若宮,健嗣,Q6389383,
Q41770456,岸武志,岸,武志,-1,
Q41770457,中岡茉妃,中岡,茉妃,-1,
Q7677226,越智隆雄,越智,隆雄,Q7677226,
Q41770459,谷川智行,谷川,智行,-1,
Q263777,長妻昭,長妻,昭,Q263777,
Q41770460,長内史子,長内,史子,-1,
Q41770463,吉田晴美,吉田,晴美,-1,
Q992930,石原伸晃,石原,伸晃,Q992930,
Q41770465,原純子,原,純子,-1,
Q11619136,菅原一秀,菅原,一秀,Q11619136,
Q41770725,市川佳子,市川,佳子,-1,
Q6381615,田中和徳,田中,和徳,Q6381615,
Q41770726,瀬戸和弘,瀬戸,和弘,-1,
Q41770727,圷孝行,圷,孝行,-1,
Q661410,小泉進次郎,小泉,進次郎,Q661410,
Q11513088,星野剛士,星野,剛士,Q11513088,
Q41770729,岡崎裕,岡崎,裕,-1,
Q41770730,太栄志,太,栄志,-1,
Q418675,甘利明,甘,利明,Q418675,
Q41770731,中野渡旬,中野渡,旬,-1,
Q6203082,赤間二郎,赤間,二郎,Q6203082,
Q41770733,沼上常生,沼上,常生,-1,
Q41770734,佐々木克己,佐々木,克己,-1,
Q1161024,河野太郎,河野,太郎,Q1161024,
Q41770735,池田博英,池田,博英,-1,
Q11488572,後藤祐一,後藤,祐一,Q11488572,
Q41770737,横田英司,横田,英司,-1,
Q11570409,牧島かれん,牧島,かれん,Q11570409,
Q11355765,三村和也,三村,和也,Q11355765,
Q5209617,山際大志郎,山際,大志郎,Q5209617,
Q11542202,樋高剛,樋高,剛,Q11542202,
Q41770738,明石行夫,明石,行夫,-1,
Q6311513,松本純,松本,純,Q6311513,
Q41770740,大貫清文,大貫,清文,-1,
Q41770741,高橋野枝,高橋,野枝,-1,
Q122465,菅義偉,菅,義偉,Q122465,
Q41770742,釘丸進,釘丸,進,-1,
Q41770743,壱岐愛子,壱岐,愛子,-1,
Q11400194,勝又恒一郎,勝又,恒一郎,Q11400194,
Q5637084,小此木八郎,小此木,八郎,Q5637084,
Q41770744,佐藤清,佐藤,清,Q11384221,別人？
Q41770746,早稲田夕季,早稲田,夕季,-1,
Q1737907,浅尾慶一郎,浅尾,慶一郎,Q1737907,
Q41770747,横山征吾,横山,征吾,-1,
Q6746574,坂井学,坂井,学,Q6746574,
Q11359720,上田勇,上田,勇,Q11359720,
Q41770748,今村あゆみ,今村,あゆみ,-1,
Q41770750,串田誠一,串田,誠一,-1,
Q41770751,若林靖久,若林,靖久,-1,
Q41770753,中谷一馬,中谷,一馬,-1,
Q6383909,鈴木馨祐,鈴木,馨祐,Q6383909,
Q41770754,加藤リカ,加藤,リカ,-1,
Q6864590,福田峰之,福田,峰之,Q6864590,
Q6389323,江田憲司,江田,憲司,Q6389323,
Q11357294,三谷英弘,三谷,英弘,Q11357294,
Q41770755,斎藤温,斎藤,温,-1,
Q5770152,笠浩史,笠,浩史,Q5770152,
Q11540810,椎名毅,椎名,毅,Q11540810,
Q41770758,町田明広,町田,明広,-1,
Q11585604,石崎徹,石崎,徹,Q11585604,
Q41770760,細井良雄,細井,良雄,-1,
Q11606064,細田健一,細田,健一,Q11606064,
Q41770761,伊藤誠,伊藤,誠,Q10885116,別人？
Q11678114,黒岩宇洋,黒岩,宇洋,Q11678114,
Q41770763,五十嵐健彦,五十嵐,健彦,-1,
Q11646784,金子恵美,金子,恵美,Q11646783,
Q41770764,西沢博,西沢,博,-1,
Q41770766,笠原麗香,笠原,麗香,-1,
Q11435293,大平悦子,大平,悦子,Q11435293,
Q41770768,上野公悦,上野,公悦,-1,
Q41770770,梅谷守,梅谷,守,-1,
Q7504756,高鳥修一,高鳥,修一,Q7504756,
Q41770771,今井基之,今井,基之,-1,
Q11577205,田畑裕明,田畑,裕明,Q11577205,
Q11485751,広野允士,広野,允士,Q11485751,
Q41770773,山崎彰,山崎,彰,-1,
Q1656896,宮腰光寛,宮腰,光寛,Q1656896,
Q41770774,坂本洋史,坂本,洋史,-1,
Q11544282,橘慶一郎,橘,慶一郎,Q11544282,
Q21655857,吉田豊史,吉田,豊史,Q21655857,
Q41770775,青山了介,青山,了介,-1,
Q11534806,柴田巧,柴田,巧,Q11534806,
Q41770776,黒崎清則,黒崎,清則,-1,
Q10856313,田中美絵子,田中,美絵子,Q10856313,
Q3136350,馳浩,馳,浩,Q3136350,
Q41770779,本田正和,本田,正和,-1,
Q41770780,宮元智,宮元,智,-1,
Q17158871,佐々木紀,佐々木,紀,Q17158871,
Q41770782,鈴木宏太,鈴木,宏太,,
Q11638747,近藤和也,近藤,和也,Q11638747,
Q7496361,北村茂男,北村,茂男,Q7496361,
Q41770785,金元幸枝,金元,幸枝,-1,
Q1654408,稲田朋美,稲田,朋美,Q1654408,
Q41770789,猿橋巧,猿橋,巧,-1,
Q11500159,斉木武志,斉木,武志,Q11500159,
Q7850389,高木毅,高木,毅,Q7850389,
Q41770791,宮内現,宮内,現,-1,
Q41770792,西脇愛,西脇,愛,-1,
Q11364418,中島克仁,中島,克仁,Q11364418,
Q41770793,大久保令子,大久保,令子,-1,
Q41770795,小林弘幸,小林,弘幸,-1,
Q6433881,長崎幸太郎,長崎,幸太郎,Q6433881,
Q41770797,長瀬由希子,長瀬,由希子,-1,
Q7677369,篠原孝,篠原,孝,Q7677369,
Q41770800,橋本将之,橋本,将之,-1,
Q41770802,清沢達也,清沢,達也,-1,
Q6882969,下条みつ,下条,みつ,Q6882969,
Q41770804,手塚大輔,手塚,大輔,-1,
Q7505129,務台俊介,務台,俊介,Q7505129,
Q41770805,小金沢由佳,小金沢,由佳,-1,
Q41770806,及川幸久,及川,幸久,-1,
Q11457846,寺島義幸,寺島,義幸,Q11457846,
Q11373350,井出庸生,井出,庸生,Q11373350,
Q41770808,毛利栄子,毛利,栄子,-1,
Q7496422,後藤茂之,後藤,茂之,Q7496422,
Q41770811,水野力夫,水野,力夫,-1,
Q41770813,中嶋康介,中嶋,康介,-1,
Q5986289,宮下一郎,宮下,一郎,Q5986289,
Q41737672,山越徹,山越,徹,-1,別人？
Q41770814,野原典子,野原,典子,-1,
Q41733953,吉田里江,吉田,里江,-1,
Q459698,野田聖子,野田,聖子,Q459698,
Q41734733,森桜房義,森桜,房義,-1,
Q1340817,棚橋泰文,棚橋,泰文,Q1340817,
Q41735254,井上諭,井上,諭,-1,
Q11656652,阪口直人,阪口,直人,Q11656652,
Q8054534,武藤容治,武藤,容治,Q8054534,
Q41736673,佐伯哲也,佐伯,哲也,-1,
Q382231,金子一義,金子,一義,Q382231,
Q41738948,金子俊平,金子,俊平,-1,
Q41737955,小関祥子,小関,祥子,-1,
Q11657599,阿知波吉信,阿知波,吉信,Q11657599,
Q1704969,古屋圭司,古屋,圭司,Q1704969,
Q41770815,鈴木千佳,鈴木,千佳,-1,
Q41770816,福村隆,福村,隆,-1,
Q41770817,青山雅幸,青山,雅幸,-1,
Q11462267,小池政就,小池,政就,Q11462267,
Q276275,上川陽子,上川,陽子,Q276275,
Q41770818,四ツ谷恵,四ツ谷,恵,-1,
Q41770820,松尾勉,松尾,勉,-1,
Q11373633,井林辰憲,井林,辰憲,Q11373633,
Q41770821,松浦喜芳,松浦,喜芳,-1,
Q11455005,宮澤博行,宮澤,博行,Q11455005,
Q11529448,松原聡,松原,聡,Q11529448,
Q9047844,田中健,田中,健,Q11575287,
Q8056243,望月義夫,望月,義夫,Q8056243,
Q41770822,井口昌彦,井口,昌彦,-1,
Q1135729,細野豪志,細野,豪志,Q1135729,
Q11413102,吉川赳,吉川,赳,Q11413102,
Q41770824,内田豊,内田,豊,-1,
Q7504421,渡辺周,渡辺,周,Q7504421,
Q41770826,野沢正司,野沢,正司,-1,
Q11425985,城内実,城内,実,Q11425985,
Q41770828,嶋田初江,嶋田,初江,-1,
Q18458881,源馬謙太郎,源馬,謙太郎,Q18458881,
Q935199,塩谷立,塩谷,立,Q935199,
Q41770830,板倉正文,板倉,正文,-1,
Q11450236,安井美沙子,安井,美沙子,Q11450236,
Q41770832,伊神健雄,伊神,健雄,-1,
Q11522062,杉本和巳,杉本,和巳,Q11522062,
Q7706881,江崎鐵磨,江崎,鐵磨,-1,
Q41770834,宮地勲,宮地,勲,-1,
Q7497524,古本伸一郎,古本,伸一郎,Q7497524,
Q11644760,重徳和彦,重徳,和彦,Q11644760,
Q41770835,下島良一,下島,良一,-1,
Q11438832,大西健介,大西,健介,Q11438832,
Q41770837,金原信之,金原,信之,-1,
Q41770839,田中克典,田中,克典,-1,
Q11377132,今枝宗一郎,今枝,宗一郎,Q11377132,
Q41770840,串田真吾,串田,真吾,-1,
Q41770844,関健一郎,関,健一郎,-1,
Q11536382,根本幸典,根本,幸典,Q11536382,
Q41770845,大野宙光,大野,宙光,-1,
Q11414054,吉田統彦,吉田,統彦,Q11414054,
Q41770846,平山良平,平山,良平,-1,
Q11568677,熊田裕通,熊田,裕通,Q11568677,
Q41770847,酒井健太朗,酒井,健太朗,-1,
Q1949760,古川元久,古川,元久,Q1949760,
Q653000,近藤昭一,近藤,昭一,Q653000,
Q11638850,近藤浩,近藤,浩,Q11638850,
Q11479573,工藤彰三,工藤,彰三,Q11479573,
Q41770848,井桁亮,井桁,亮,-1,
Q41770849,月東義博,月東,義博,-1,
Q582685,赤松広隆,赤松,広隆,Q582685,
Q41770850,田上光徳,田上,光徳,-1,
Q11539787,森本和義,森本,和義,Q11539787,
Q5752415,丹羽秀樹,丹羽,秀樹,Q5752415,
Q11467778,山尾志桜里,山尾,志桜里,Q11467778,
Q41770851,長友忠弘,長友,忠弘,-1,
Q7674280,伊藤忠彦,伊藤,忠彦,Q7674280,
Q41770852,渡辺裕,渡辺,裕,Q11562537,別人？
Q11651619,長坂康正,長坂,康正,Q11651619,
Q41770854,中川民英,中川,民英,-1,
Q1689655,川崎二郎,川崎,二郎,Q1689655,
Q41770855,内藤弘一,内藤,弘一,-1,
Q1906668,中川正春,中川,正春,Q1906668,
Q41770856,野村真弘,野村,真弘,-1,
Q41770857,坂本麻貴,坂本,麻貴,-1,
Q513317,岡田克也,岡田,克也,Q513317,
Q41770859,谷中三好,谷中,三好,-1,
Q11624750,藤田大助,藤田,大助,Q11624749,
Q1656878,田村憲久,田村,憲久,Q1656878,
Q7051315,三ツ矢憲生,三ツ矢,憲生,Q7051315,
Q41770860,斉藤幸子,斉藤,幸子,-1,
Q11434738,大岡敏孝,大岡,敏孝,Q11434738,
Q41770861,山田満,山田,満,Q11470518,別人？
Q41770863,荒川雅司,荒川,雅司,-1,
Q6389276,上野賢一郎,上野,賢一郎,Q6389276,
Q41770864,石堂淳士,石堂,淳士,-1,
Q41770866,小川泰江,小川,泰江,-1,
Q11546026,武村展英,武村,展英,Q11546026,
Q41770867,西沢耕一,西沢,耕一,-1,
Q5772420,徳永久志,徳永,久志,Q5772420,
Q11546528,武藤貴也,武藤,貴也,Q11546528,
Q41770869,小寺裕雄,小寺,裕雄,-1,
Q41742328,田坂幾太,田坂,幾太,-1,
Q729599,伊吹文明,伊吹,文明,Q729599,
Q41743319,地坂拓晃,地坂,拓晃,-1,
Q132280,前原誠司,前原,誠司,Q132280,
Q41743870,繁本護,繁本,護,-1,
Q41767957,金森亨,金森,亨,-1,
Q6391984,泉健太,泉,健太,Q6391984,
Q41768312,森夏枝,森,夏枝,-1,
Q41768409,吉田幸一,吉田,幸一,Q26220493,別人？
Q41768435,縁田有紀,縁田,有紀,-1,
Q41770870,畑本久仁枝,畑本,久仁枝,-1,
Q17160872,田中英之,田中,英之,Q17160872,
Q41770872,山内健,山内,健,-1,
Q463331,谷垣禎一,谷垣,禎一,Q463331,
Q41770873,本田太郎,本田,太郎,-1,
Q41770875,鈴木麻理子,鈴木,麻理子,-1,
Q41770877,上條亮一,上條,亮一,-1,
Q11466249,山井和則,山井,和則,Q11466249,
Q405533,辻元清美,辻元,清美,Q405533,
Q41770878,三和智之,三和,智之,-1,
Q8060577,佐藤ゆかり,佐藤,ゆかり,Q8060577,
Q41770880,松尾正利,松尾,正利,-1,
Q462308,樽床伸二,樽床,伸二,Q462308,
Q41770882,藤田文武,藤田,文武,-1,
Q265174,北川知克,北川,知克,Q265174,
Q41770883,真白リョウ,真白,リョウ,-1,
Q41770884,長岡嘉一,長岡,嘉一,-1,
Q41770885,姜英紀,姜,英紀,-1,
Q11629761,西野弘一,西野,弘一,Q11629761,
Q18818207,宗清皇一,宗清,皇一,Q18818207,
Q41770886,小松久,小松,久,Q11461025,別人？
Q7677383,谷畑孝,谷畑,孝,Q7677383,
Q41770887,為仁史,為,仁史,-1,
Q614464,竹本直一,竹本,直一,Q614464,
Q6381645,北側一雄,北側,一雄,Q6381645,
Q41770888,田中浩美,田中,浩美,-1,
Q11539493,森山浩行,森山,浩行,Q11539493,
Q41770889,藤本幸子,藤本,幸子,-1,
Q11667848,馬場伸幸,馬場,伸幸,Q11667848,
Q41770890,矢野忠重,矢野,忠重,-1,
Q41770892,川戸康嗣,川戸,康嗣,-1,
Q11642258,遠藤敬,遠藤,敬,Q11642258,
Q41770893,北村みき,北村,みき,-1,
Q7677354,長安豊,長安,豊,Q7677354,
Q11368259,丸山穂高,丸山,穂高,Q11368259,
Q41770894,柴山昇,柴山,昇,-1,
Q41770896,村上賀厚,村上,賀厚,-1,
Q11373203,井上英孝,井上,英孝,Q11373203,
Q41770897,石谷尚子,石谷,尚子,-1,
Q456011,尾辻かな子,尾辻,かな子,Q456011,
Q9067667,左藤章,左藤,章,Q9067667,
Q7496342,佐藤茂樹,佐藤,茂樹,Q11384412,
Q41770898,渡部結,渡部,結,-1,
Q7385287,服部良一,服部,良一,Q1088420,
Q11413941,吉田治,吉田,治,Q11413941,
Q41770900,美延映夫,美延,映夫,-1,
Q8049965,中山泰秀,中山,泰秀,Q8049965,
Q11422753,國重徹,國重,徹,Q11422753,
Q41770901,北山良三,北山,良三,-1,
Q41770903,数森圭吾,数森,圭吾,-1,
Q41770904,長尾秀樹,長尾,秀樹,-1,
Q11378895,伊佐進一,伊佐,進一,Q11378895,
Q11522739,村上史好,村上,史好,Q11522739,
Q41770906,村口久美子,村口,久美子,-1,
Q11368828,乃木涼介,乃木,涼介,Q11368828,
Q41770908,奥下剛光,奥下,剛光,-1,
Q11561908,渡嘉敷奈緒美,渡嘉敷,奈緒美,Q11561908,
Q41770909,新居真,新居,真,-1,
Q41770911,松井博史,松井,博史,-1,
Q7677366,大塚高司,大塚,高司,Q7677366,
Q11518048,木下智彦,木下,智彦,Q11518048,
Q41770912,山元建,山元,建,-1,
Q41770914,森村広,森村,広,-1,
Q11409844,原田憲治,原田,憲治,Q11409844,
Q923428,松浪健太,松浪,健太,Q923428,
Q41770915,金田峰生,金田,峰生,-1,
Q1133136,渡海紀三朗,渡海,紀三朗,Q1133136,
Q1315762,松本剛明,松本,剛明,Q1315762,
Q41770916,戸井田真太郎,戸井田,真太郎,-1,
Q41770918,堀譲,堀,譲,-1,
Q41770920,池畑浩太朗,池畑,浩太朗,-1,
Q704345,山口壯,山口,壯,-1,
Q41770921,近藤秀子,近藤,秀子,-1,
Q11373460,井坂信彦,井坂,信彦,Q11373460,
Q7426422,梅村聡,梅村,聡,Q7426422,
Q6381788,赤羽一嘉,赤羽,一嘉,Q6381788,
Q41770922,平松順子,平松,順子,-1,
Q41770924,船川治郎,船川,治郎,-1,
Q41770925,冨士谷香恵子,冨士谷,香恵子,-1,
Q41770926,横畑和幸,横畑,和幸,-1,
Q8056061,関芳弘,関,芳弘,Q8056061,
Q41770927,大椙鉄夫,大椙,鉄夫,-1,
Q41770929,佐藤泰樹,佐藤,泰樹,-1,
Q11622818,藤井比早之,藤井,比早之,Q11622818,
Q11538822,梶原康弘,梶原,康弘,Q11538822,
Q6426240,谷公一,谷,公一,Q6426240,
Q41770930,吉見秋彦,吉見,秋彦,-1,
Q41770931,桜井周,桜井,周,-1,
Q6426248,市村浩一郎,市村,浩一郎,Q6426248,
Q11431868,大串正樹,大串,正樹,Q11431868,
Q41770933,上田幸子,上田,幸子,-1,
Q11578596,畠中光成,畠中,光成,Q11578596,
Q11355593,三木圭恵,三木,圭恵,Q11355593,
Q11470671,山田賢司,山田,賢司,Q11470671,
Q11367646,中野洋昌,中野,洋昌,Q11367646,
Q41770934,新町美千代,新町,美千代,-1,
Q41770936,菊地憲之,菊地,憲之,-1,
Q8050121,西村康稔,西村,康稔,Q8050121,
Q41770938,井上良子,井上,良子,-1,
Q388496,馬淵澄夫,馬淵,澄夫,Q388496,
Q41770939,吉野忠男,吉野,忠男,-1,
Q11461866,小林茂樹,小林,茂樹,Q11461866,
Q41770941,霜鳥純一,霜鳥,純一,-1,
Q6419134,前川清成,前川,清成,Q6419134,
Q1705028,高市早苗,高市,早苗,Q1705028,
Q41770942,所進,所,進,-1,
Q7497769,奥野信亮,奥野,信亮,Q7497769,
Q11577481,田野瀬太道,田野瀬,太道,Q11577481,
Q41770943,原矢寸久,原,矢寸久,-1,
Q11475894,岸本周平,岸本,周平,Q11475894,
Q41770945,下村雅洋,下村,雅洋,-1,
Q41770946,坂田隆徳,坂田,隆徳,-1,
Q6782738,石田真敏,石田,真敏,Q6782738,
Q41770948,楠本文郎,楠本,文郎,-1,
Q1133880,二階俊博,二階,俊博,Q1133880,
Q41770949,塚田成幸,塚田,成幸,-1,
Q1335527,石破茂,石破,茂,Q1335527,
Q41770951,福住英行,福住,英行,-1,
Q11563479,湯原俊二,湯原,俊二,Q11563479,
Q41770953,福原宗男,福原,宗男,-1,
Q7385320,赤澤亮正,赤澤,亮正,-1,
Q41770955,岩田剛,岩田,剛,-1,
Q11370719,亀井亜紀子,亀井,亜紀子,Q11370719,
Q1133192,細田博之,細田,博之,Q1133192,
Q41770956,向瀬慎一,向瀬,慎一,-1,
Q2484652,竹下亘,竹下,亘,Q2484652,
Q41770958,余江雪央,余江,雪央,-1,
Q467453,逢沢一郎,逢沢,一郎,Q467453,
Q41770959,垣内京美,垣内,京美,-1,
Q41770960,田部雄治,田部,雄治,-1,
Q11466071,山下貴司,山下,貴司,Q11466071,
Q41770961,尾崎宏子,尾崎,宏子,-1,
Q405085,平沼赳夫,平沼,赳夫,Q405085,
Q7827692,阿部俊子,阿部,俊子,Q7827692,
Q41770962,平林明成,平林,明成,-1,
Q5517695,橋本岳,橋本,岳,Q5517695,
Q41770963,美見芳明,美見,芳明,-1,
Q41770964,加藤高明,加藤,高明,Q315563,
Q6378155,加藤勝信,加藤,勝信,Q6378155,
Q41770965,大西理,大西,理,-1,
Q359480,岸田文雄,岸田,文雄,Q359480,
Q41770967,藤本聡志,藤本,聡志,-1,
Q41770968,水野善丈,水野,善丈,-1,
Q5209645,松本大輔,松本,大輔,Q5209645,
Q41770969,灰岡香奈,灰岡,香奈,-1,
Q5770815,平口洋,平口,洋,Q5770815,
Q41770970,清水貞子,清水,貞子,-1,
Q41770971,野村昌央,野村,昌央,-1,
Q11428744,塩村文夏,塩村,文夏,Q11428744,
Q11377131,今枝仁,今枝,仁,Q11377131,
Q11553342,河井克行,河井,克行,Q11553342,
Q41770972,中石仁,中石,仁,-1,
Q41770973,恵飛須圭二,恵飛須,圭二,-1,
Q11364762,中川俊直,中川,俊直,Q11364762,
Q41770974,尾崎光,尾崎,光,-1,
Q6869306,寺田稔,寺田,稔,Q6869306,
Q1133463,亀井静香,亀井,静香,Q1133463,
Q6426455,佐藤公治,佐藤,公治,Q6426455,
Q41770976,重村幸司,重村,幸司,-1,
Q41770978,佐藤広典,佐藤,広典,-1,
Q11461458,小林史明,小林,史明,Q11461458,
Q41770979,五島博,五島,博,-1,
Q41770980,河井美和子,河井,美和子,-1,
Q41770981,大内一也,大内,一也,-1,
Q697969,高村正彦,高村,正彦,Q697969,
Q41770983,松田一志,松田,一志,-1,
Q1995125,岸信夫,岸,信夫,Q1995125,
Q41770984,藤本一規,藤本,一規,-1,
Q382311,河村建夫,河村,建夫,Q382311,
Q41770986,西岡広伸,西岡,広伸,-1,
Q132345,安倍晋三,安倍,晋三,Q132345,
Q41770988,山本千代子,山本,千代子,-1,
Q11376392,仁木博文,仁木,博文,Q11376392,
Q6782819,後藤田正純,後藤田,正純,Q6782819,
Q41770989,久保孝之,久保,孝之,Q11368984,別人？
Q41770991,福山正敏,福山,正敏,-1,
Q7505080,山口俊一,山口,俊一,Q7505080,
Q7678622,平井卓也,平井,卓也,Q7678622,
Q41770992,河村整,河村,整,-1,
Q11572647,玉木雄一郎,玉木,雄一郎,Q11572647,
Q41770993,土岐一郎,土岐,一郎,-1,
Q41770994,藤田伸二,藤田,伸二,Q11624687,別人？
Q11439619,大野敬太郎,大野,敬太郎,Q11439619,
Q41770995,石本憲一,石本,憲一,-1,
Q41770996,富永喜代,富永,喜代,-1,
Q360395,塩崎恭久,塩崎,恭久,,
Q41770998,一色一正,一色,一正,-1,
Q11627955,西岡新,西岡,新,Q11627955,
Q7446719,村上誠一郎,村上,誠一郎,Q7446719,
Q41770999,国田睦,国田,睦,-1,
Q41771001,森田浩二,森田,浩二,-1,
Q11580199,白石洋一,白石,洋一,Q11580199,
Q41771003,白石寛樹,白石,寛樹,-1,
Q6426244,山本公一,山本,公一,Q6426244,
Q41771004,松本顕治,松本,顕治,-1,
Q41771005,大石宗,大石,宗,-1,
Q5530859,中谷元,中谷,元,Q5530859,
未登録→登録しない,島﨑保臣,島﨑,保臣,-1,
Q5639964,広田一,広田,一,Q5639964,
Q8060529,山本有二,山本,有二,Q8060529,
Q11425971,城井崇,城井,崇,Q11425971,
Q6435368,山本幸三,山本,幸三,Q6435368,
Q41771006,山下登美子,山下,登美子,-1,
Q41771007,村上智信,村上,智信,-1,
Q41771008,竹内信昭,竹内,信昭,-1,
Q7385342,武田良太,武田,良太,Q7385342,
Q41771009,立川孝彦,立川,孝彦,-1,
Q11468895,山本剛正,山本,剛正,Q11468895,
Q11373245,井上貴博,井上,貴博,Q11373242,
Q41771010,松尾律子,松尾,律子,-1,
Q11596567,稲富修二,稲富,修二,Q11596567,
Q11673487,鬼木誠,鬼木,誠,Q11673487,
未登録→登録しない,山口湧人,山口,湧人,-1,
Q11466402,山内康一,山内,康一,Q11466402,
Q11411691,古賀篤,古賀,篤,Q11411691,
Q41771012,新留清隆,新留,清隆,-1,
Q11453336,宮内秀樹,宮内,秀樹,Q11453336,
Q41771013,田中陽二,田中,陽二,-1,
Q5209856,楠田大蔵,楠田,大蔵,Q5209856,
Q8055970,原田義昭,原田,義昭,Q8055970,
Q41771014,小林解子,小林,解子,-1,
Q41771016,西原忠弘,西原,忠弘,-1,
Q41771018,新井富美子,新井,富美子,-1,
Q17219387,鳩山二郎,鳩山,二郎,Q17219387,
Q41771019,江口学,江口,学,Q11550742,別人？
Q41771020,原圭助,原,圭助,-1,
Q11622647,藤丸敏,藤丸,敏,Q11622647,
Q41771021,宮嶋つや子,宮嶋,つや子,-1,
Q132596,麻生太郎,麻生,太郎,Q132596,
Q4803390,三原朝彦,三原,朝彦,Q4803390,
Q41771022,上村泰稔,上村,泰稔,-1,
Q41771024,中島徹,中島,徹,Q11364494,別人？
Q548239,原口一博,原口,一博,Q548239,
Q41771025,大森斉,大森,斉,-1,
Q2576940,古川康,古川,康,Q2576940,
Q41771026,牧山隆,牧山,隆,-1,
Q41771028,西岡秀子,西岡,秀子,-1,
Q7850337,冨岡勉,冨岡,勉,Q7850337,
Q41771029,近藤一宇,近藤,一宇,-1,
Q11399159,加藤寛治,加藤,寛治,Q11399158,
Q41771031,石丸完治,石丸,完治,-1,
Q8046971,谷川弥一,谷川,弥一,Q8046971,
Q41771033,末次精一,末次,精一,-1,
Q41771035,石川悟,石川,悟,-1,
Q11454107,宮島大典,宮島,大典,Q11454107,
Q7446686,北村誠吾,北村,誠吾,Q7446686,
Q11518220,木原稔,木原,稔,Q11518220,
未登録→登録しない,益田牧子,益田,牧子,-1,
Q41771036,木下順子,木下,順子,-1,
Q41771037,西野太亮,西野,太亮,-1,
Q41771038,和田要,和田,要,-1,
Q11646016,野田毅,野田,毅,Q11646016,
Q41771040,関根静香,関根,静香,-1,
未登録→登録しない,森本康仁,森本,康仁,-1,
Q7706925,坂本哲志,坂本,哲志,Q7706925,
未登録→登録しない,橋田芳昭,橋田,芳昭,-1,
Q11583883,矢上雅義,矢上,雅義,Q11583883,
Q457774,園田博之,園田,博之,Q457774,
Q8050092,金子恭之,金子,恭之,Q8050092,
未登録→登録しない,広次忠彦,広次,忠彦,-1,
Q41771042,小手川恵,小手川,恵,-1,
Q7504802,吉良州司,吉良,州司,Q7504802,
Q41771044,上田敦子,上田,敦子,-1,
Q405527,衛藤征士郎,衛藤,征士郎,Q405527,
未登録→登録しない,大塚光義,大塚,光義,-1,
Q1654639,岩屋毅,岩屋,毅,Q1654639,
未登録→登録しない,松本隆,松本,隆,Q3514198,
Q41771045,内田静雄,内田,静雄,-1,
Q6094931,外山斎,外山,斎,Q6094931,
Q11545768,武井俊輔,武井,俊輔,Q11545768,
Q41771046,黒木万治,黒木,万治,-1,
Q41771047,河野一郎,河野,一郎,Q5363958,
Q41771048,富井寿一,富井,寿一,-1,
Q7678527,江藤拓,江藤,拓,Q7678527,
Q41771049,井福美年,井福,美年,-1,
Q8056070,古川禎久,古川,禎久,Q8056070,
未登録→登録しない,山口広延,山口,広延,-1,
Q5770910,川内博史,川内,博史,Q5770910,
Q41771051,宮崎一博,宮崎,一博,-1,
Q11466235,山之内毅,山之内,毅,Q11466235,
Q786752,保岡興治,保岡,興治,Q786752,
Q41771052,祝迫光治,祝迫,光治,-1,
Q16770033,金子万寿夫,金子,万寿夫,Q16770033,
未登録→登録しない,山口陽規,山口,陽規,-1,
Q41771054,山口勇太,山口,勇太,-1,
Q11646177,野間健,野間,健,Q11646177,
未登録→登録しない,永田義人,永田,義人,-1,
Q41771055,野呂正和,野呂,正和,-1,
Q8049988,小里泰弘,小里,泰弘,Q8049988,
Q337762,森山𥙿,森山,𥙿,-1,
Q7446761,赤嶺政賢,赤嶺,政賢,Q7446761,
Q41771057,下地玲子,下地,玲子,-1,
Q11422694,國場幸之助,國場,幸之助,Q11422694,
Q1724004,照屋寛徳,照屋,寛徳,Q1724004,
Q41771058,金城竜郎,金城,竜郎,-1,
Q11572466,玉城デニー,玉城,デニー,Q11572466,
Q41771060,富川泰全,富川,泰全,-1,
Q18817877,仲里利信,仲里,利信,Q18817877,
Q21655809,真山祐一,真山,祐一,Q21655809,
Q49936,井上義久,井上,義久,Q49936,
Q5102671,高橋千鶴子,高橋,千鶴子,Q5102671,
Q11523193,村岡敏英,村岡,敏英,Q11523193,
Q18818128,升田世喜男,升田,世喜男,Q18818128,
Q49943,近藤洋介,近藤,洋介,Q11638847,
Q6746585,寺田学,寺田,学,Q6746585,
Q5371065,金子恵美,金子,恵美,Q11646783,
Q11400372,勝沼栄明,勝沼,栄明,Q11400372,
Q11544051,橋本英教,橋本,英教,Q11544051,
Q11619261,菅家一郎,菅家,一郎,Q11619261,
Q11623218,藤原崇,藤原,崇,Q11623218,
Q11637774,輿水恵一,輿水,恵一,Q11637774,
Q16264927,岡本三成,岡本,三成,Q16264927,
Q1737905,石井啓一,石井,啓一,Q1737905,
Q7706956,塩川鉄也,塩川,鉄也,Q7706956,
Q18700742,梅村早江子,梅村,早江子,Q18700742,
Q11454258,宮崎岳志,宮崎,岳志,Q11454258,
Q11593023,福島伸享,福島,伸享,Q11593023,
Q17158714,坂本祐之輔,坂本,祐之輔,Q17158714,
Q6426239,武正公一,武正,公一,Q6426239,
Q7677320,石関貴史,石関,貴史,Q7677320,
Q8050022,小宮山泰子,小宮山,泰子,Q8050022,
Q11465449,尾身朝子,尾身,朝子,Q11465449,
Q11585840,石川昭政,石川,昭政,Q11585840,
Q17158474,今野智博,今野,智博,Q17158474,
Q20039675,木村弥生,木村,弥生,Q20039675,
Q5752395,牧原秀樹,牧原,秀樹,Q5752395,
Q6381814,中根一幸,中根,一幸,Q6381814,
Q6383690,永岡桂子,永岡,桂子,Q6383690,
Q6435116,西川公也,西川,公也,Q6435116,
Q20041482,角田秀穂,角田,秀穂,Q20041482,
Q7051265,古屋範子,古屋,範子,Q7051265,
Q7496423,富田茂之,富田,茂之,Q7496423,
Q11578505,畑野君枝,畑野,君枝,Q11578505,
Q18817567,斉藤和子,斉藤,和子,Q18817567,
Q337507,志位和夫,志位,和夫,Q337507,
Q11446165,奥野総一郎,奥野,総一郎,Q11446165,
Q11520430,本村賢太郎,本村,賢太郎,Q11520430,
Q11589542,神山洋介,神山,洋介,Q11589542,
Q11661965,青柳陽一郎,青柳,陽一郎,Q11661965,
Q6381578,太田和美,太田,和美,Q11444146,
Q6782673,水戸将史,水戸,将史,Q6782673,
Q20040516,篠原豪,篠原,豪,Q20040516,
Q516232,阿部知子,阿部,知子,Q516232,
Q11364144,中山展宏,中山,展宏,Q11364144,
Q11427301,堀内詔子,堀内,詔子,Q11427301,
Q11454668,宮川典子,宮川,典子,Q11454668,
Q11469130,山本朋広,山本,朋広,Q11469130,
Q11609955,義家弘介,義家,弘介,Q11609955,
Q16769971,門山宏哲,門山,宏哲,Q16769971,
Q7477634,中谷真一,中谷,真一,Q7477634,
Q6837950,高木美智代,高木,美智代,Q6837950,
Q8062685,高木陽介,高木,陽介,Q8062685,
Q18818200,宮本徹,宮本,徹,Q18818200,
Q4701145,笠井亮,笠井,亮,Q4701145,
Q18669603,池内沙織,池内,沙織,Q18669603,
Q11518163,木内孝胤,木内,孝胤,Q11518163,
Q1336805,松原仁,松原,仁,Q1336805,
Q4700952,長島昭久,長島,昭久,Q4700952,
Q18700919,落合貴之,落合,貴之,Q18700919,
Q11396609,初鹿明博,初鹿,明博,Q11396609,
Q47846,菅直人,菅,直人,Q47846,
Q11577186,田畑毅,田畑,毅,Q11577186,
Q11635735,赤枝恒雄,赤枝,恒雄,Q11635735,
Q16263623,秋本真利,秋本,真利,Q16263623,
Q20040828,鈴木隼人,鈴木,隼人,Q30936582,
Q5508556,松本文明,松本,文明,Q5508556,
Q7850039,秋元司,秋元,司,Q7850039,
Q11397152,前川恵,前川,恵,Q11397152,
Q8056255,漆原良夫,漆原,良夫,Q8056255,
Q18818065,藤野保史,藤野,保史,Q18818065,
Q5100105,西村智奈美,西村,智奈美,Q5100105,
Q5349200,鷲尾英一郎,鷲尾,英一郎,Q5349200,
Q6739516,菊田真紀子,菊田,真紀子,Q6739516,
Q11399825,助田重義,助田,重義,Q11399825,
Q11461246,小松裕,小松,裕,Q11461243,
Q11518159,木内均,木内,均,Q11518159,
Q17158549,斎藤洋明,斎藤,洋明,Q17158549,
Q7678543,山本拓,山本,拓,Q11469075,
Q11433281,大口善徳,大口,善徳,Q11433281,
Q7973013,伊藤渉,伊藤,渉,Q7973013,
Q20041786,中川康洋,中川,康洋,Q20041786,
Q18817650,島津幸広,島津,幸広,Q18817650,
Q18818221,本村伸子,本村,伸子,Q18818221,
Q11366226,中根康浩,中根,康浩,Q11366226,
Q11376723,今井雅人,今井,雅人,Q11376723,
Q11459848,小山展弘,小山,展弘,Q11459848,
Q129149,鈴木克昌,鈴木,克昌,Q129149,
Q17223599,松田直久,松田,直久,Q17223599,
Q6883317,岡本充功,岡本,充功,Q6883317,
Q784087,伴野豊,伴野,豊,Q784087,
Q8056240,牧義夫,牧,義夫,Q8056240,
Q11391317,八木哲也,八木,哲也,Q11391317,
Q11400147,勝俣孝明,勝俣,孝明,Q11400147,
Q11551703,池田佳隆,池田,佳隆,Q11551703,
Q11590601,神田憲次,神田,憲次,Q11590601,
Q11649031,鈴木淳司,鈴木,淳司,Q11649031,
Q11661236,青山周平,青山,周平,Q15241936,
Q17159494,島田佳和,島田,佳和,Q17159494,
Q11438945,大見正,大見,正,Q11438945,
Q11542092,樋口尚也,樋口,尚也,Q11542092,
Q11566187,濱村進,濱村,進,Q11566187,
Q7820173,浮島智子,浮島,智子,-1,Wikidataでは「浮島とも子」で登録されてる
Q11598974,竹内譲,竹内,譲,Q11598974,
Q11454828,宮本岳志,宮本,岳志,Q11454828,
Q11560960,清水忠史,清水,忠史,Q11560960,
Q18818101,堀内照文,堀内,照文,Q18818101,
Q6383646,穀田恵二,穀田,恵二,Q6383646,
Q1131518,川端達夫,川端,達夫,Q1131518,
Q1155448,平野博文,平野,博文,Q1155448,
Q6088170,田島一成,田島,一成,Q6088170,
Q6383814,北神圭朗,北神,圭朗,Q6383814,
Q11360103,上西小百合,上西,小百合,Q11360103,
Q11379447,伊東信久,伊東,信久,Q11379447,
Q11558377,浦野靖人,浦野,靖人,Q11558377,
Q11637002,足立康史,足立,康史,Q11637002,
Q11647123,椎木保,椎木,保,Q11647123,
Q978256,小沢鋭仁,小沢,鋭仁,Q978256,
Q11451405,安藤裕,安藤,裕,Q11451404,
Q11651845,長尾敬,長尾,敬,Q11651845,
Q11654965,門博文,門,博文,Q11654965,
Q20039047,大隈和英,大隈,和英,Q20039047,
Q20039110,大西宏幸,大西,宏幸,Q20039110,
Q20039172,岡下昌平,岡下,昌平,Q20039172,
Q20039502,神谷昇,神谷,昇,Q20039502,
Q20041303,谷川とむ,谷川,とむ,Q20041303,
Q6782391,盛山正仁,盛山,正仁,Q6782391,
Q6383605,桝屋敬悟,桝屋,敬悟,Q6383605,
Q926287,斉藤鉄夫,斉藤,鉄夫,Q926287,
Q30144920,大平喜信,大平,喜信,Q11435274,
Q6383911,津村啓介,津村,啓介,Q6383911,
Q6837954,柚木道義,柚木,道義,Q6837954,
Q11668691,高井崇志,高井,崇志,Q11668691,
Q11552157,池田道孝,池田,道孝,Q11552157,
Q15220933,新谷正義,新谷,正義,Q15220933,
Q18817349,古田圭一,古田,圭一,Q18817349,
Q11460163,小島敏文,小島,敏文,Q11460163,
Q7051352,石田祝稔,石田,祝稔,Q7051352,
Q18818315,横山博幸,横山,博幸,Q18818315,
Q6314413,小川淳也,小川,淳也,Q6314413,
Q11566681,瀬戸隆一,瀬戸,隆一,Q11566681,
Q11592023,福山守,福山,守,Q11592023,
Q7705291,福井照,福井,照,Q7705291,
Q6418998,遠山清彦,遠山,清彦,Q6418998,
Q8050128,江田康幸,江田,康幸,Q8050128,
Q21703015,吉田宣弘,吉田,宣弘,Q21703015,
Q17220479,濱地雅一,濱地,雅一,Q17220479,
Q18817798,田村貴昭,田村,貴昭,Q18817798,
Q18818124,真島省三,真島,省三,Q18818124,
Q472792,高木義明,高木,義明,Q472792,
Q5771003,大串博志,大串,博志,Q5771003,
Q6140382,緒方林太郎,緒方,林太郎,Q6140382,
Q8055323,松野頼久,松野,頼久,Q8055323,
Q11412937,吉川元,吉川,元,Q11412934,
Q1761759,下地幹郎,下地,幹郎,Q1761759,
Q11554229,河野正美,河野,正美,Q11554229,
Q11454333,宮崎政久,宮崎,政久,Q11454333,
Q11547421,比嘉奈津美,比嘉,奈津美,Q11547421,
Q11597257,穴見陽一,穴見,陽一,Q11597257,
Q11629931,西銘恒三郎,西銘,恒三郎,Q11629931,
Q6782366,今村雅弘,今村,雅弘,Q6782366,
Q21655823,宮路拓馬,宮路,拓馬,Q21655823,
Q11475456,岩田和親,岩田,和親,Q11475456,
Q11470238,山田厚史,山田,厚史,Q11470238,
Q41770466,北条智彦,北条,智彦,-1,
Q41771061,日吉雄太,日吉,雄太,-1,
Q41771063,坂本史子,坂本,史子,-1,
Q3547232,横光克彦,横光,克彦,Q3547232,
Q41777897,小檜山清人,,,-1,
Q41777898,西村恵美,,,-1,
Q41777900,高橋英明,,,Q28688776,別人？
Q41777902,佐藤浩,,,Q3244916,別人？
Q41777904,松木秀一郎,,,-1,
Q41777907,佐藤暁,,,-1,
Q41777909,口石竜三,,,-1,
Q41777910,喜多義典,,,-1,
Q41777912,栄隆則,,,-1,
Q11597430,空本誠喜,,,Q11597430,
Q41777915,谷古宇勘司,,,-1,
Q41777916,青野剛暁,青野,剛暁,-1,
Q41777917,高村正大,,,-1,
Q1739044,若林健太,,,Q1739044,
Q1620229,泉田裕彦,泉田,裕彦,Q1620229,
Q41777921,江頭俊満,,,-1,
Q41777923,上地崇,,,-1,
Q41777925,井川泰雄,,,-1,
Q41777927,井筒伸幸,,,-1,
Q41777929,佐近康昌,,,-1,
Q41777931,吉田久美子,,,-1,
Q41777933,太田昌孝,,,Q11444283,別人
Q41777936,布施正行,,,-1,
Q41777938,日下正喜,,,-1,
Q41777939,星英一郎,,,-1,
Q41777940,村上知己,,,-1,
Q41777943,武田久之,,,-1,
Q41777945,渡邊大,,,-1,
Q41777947,田中博之,,,Q11575373,別人？
Q41777949,田丸義高,,,-1,
Q41777950,越野優一,,,-1,
Q41777952,高村宗男,,,-1,
Q41777954,高橋秀明,,,Q18817751,別人？
Q41777956,高橋雅也,,,-1,
Q8054597,鰐淵洋子,,,Q8054597,
Q41777958,鷲岡秀明,,,-1,
Q11468075,山崎摩耶,,,Q11468075,
Q11468214,山崎誠,,,Q11468214,
Q11657178,阿久津幸彦,,,Q11657178,
Q41777959,梶護,,,-1,
Q41777960,堀越啓仁,,,-1,
Q6782480,大河原雅子,,,Q6782480,
Q41777962,高木錬太郎,,,-1,
Q41777964,松平浩一,,,-1,
Q41777966,山本和嘉子,,,-1,
Q41777967,松田功,,,-1,
Q41777968,塩見俊次,,,-1,
Q441718,秋葉忠利,,,Q441718,
Q7051324,武内則男,,,Q7051324,
Q41777969,仲間昌信,,,-1,
Q11624673,藤田一枝,,,Q11624673,
Q41777971,小糸健介,,,-1,
,,,,,
,,,,,
,,,,,
,,,,,
,,,,,
,,,,,
,,,,,
,,,,,
,,,,,
