asis,screen_name
michishitadaiki,michishitadaiki
t_funahashi,t_funahashi
kanakuramasato,kanakuramasato
kenkou64865187,kenkou64865187
kujira0827,kujira0827
takamori_yoshi,takamori_yoshi
satoshisatoshia,SatoshiSatoshiA
takagi_hirohisa,takagi_hirohisa
mihojimukyoku,mihojimukyoku
office_hiranao,office_hiranao
pontapiranao,pontapiranao
nakamurahiro3,nakamurahiro3
YosshiiMoriyama,YosshiiMoriyama
ikemakihonki,ikemakihonki
ywada_hokkaido5,ywada_hokkaido5
sasaki_stop_tpp,sasaki_stop_tpp
imazu164,imazu164
seiji_ohsaka,seiji_ohsaka
DonanMaeda,DonanMaeda
tatumaru1979,tatumaru1979
inatsuhisashi,InatsuHisashi
ishikawakaori11,IshikawaKaori11
nakagawayuko,nakagawayuko
sugawara_makoto,sugawara_makoto
mizukamimika12,mizukamimika12
takebearata,takebearata
akahira1990,akahira1990
tsushimajun,tsushimajun
pekoandnaomi,pekoandnaomi
okumotonaomi,okumotonaomi
dpjkudotakeshi,dpjkudotakeshi
tadamori_oshima,tadamori_oshima
mikuni_yuki,mikuni_yuki
jiro_k_tsugaru,jiro_k_tsugaru
kyoko_yosida,kyoko_yosida
shinatakeshi,shinatakeshi
takahina7777,takahina7777
hata_kouji,hata_kouji
iwate_fujiwara,iwate_fujiwara
ozawa_jimusho,ozawa_jimusho
ito_yuta,ito_yuta
YuiTetsushi,YuiTetsushi
a_okamotooffice,a_okamotooffice
dr_hatakeyama,dr_hatakeyama
doitooru812,doitooru812
sayu4018,sayu4018
akibakenya,akibakenya
gogoyoshidago,gogoyoshidago
tak1381,tak1381
TakehikoBando,TakehikoBando
ShintaroIto205,ShintaroIto205
shige_katsunuma,Shige_katsunuma
itsunori510,itsunori510
hana_daichan,hana_daichan
hiroyukitogash,hiroyukitogash
fupo_cgsm,fupo_cgsm
green_river15t,green_river15t
muraoka_toshi,Muraoka_Toshi
sho_ishikawa38,sho_ishikawa38
team_e_toshiaki,Team_e_toshiaki
kondoyosuke21,kondoyosuke21
norikazu_suzuki,norikazu_suzuki
nonbiriyo,nonbiriyo
abe_juichi,abe_juichi
ryotashirotori,ryotashirotori
katoayuko_and_s,katoayuko_and_s
kaneko_emi_,kaneko_emi_
kameokayositami,kameokayositami
okabemitsunori,okabemitsunori
oguma_shinji,oguma_shinji
kanke_ichirou,kanke_ichirou
h0use3,h0use3
kawabekenichi,kawabekenichi
tadokoro_yoshi,tadokoro_yoshi
isz310,isz310
higmaiku_mi_,higmaiku_mi_
okumatoshiaki,okumatoshiaki
kajiyamahiroshi,kajiyamahiroshi
jyuuouumare,jyuuouumare
asano__satoshi,Asano__Satoshi
iakimasa1,iakimasa1
aoyamayamato,aoyamayamato
ayano_kunimitsu,ayano_kunimitsu
n_watanabe214,n_watanabe214
fujiokatakao,FujiokaTakao
omamiuda_minoru,omamiuda_minoru
moteging,moteging
setuko2525de15,setuko2525de15
miyazaki_takesh,MIYAZAKI_Takesh
takijidakkan,takijidakkan
HasegawaKaichi,HasegawaKaichi
TatsuoFukuda,TatsuoFukuda
tatsuya_jcp,Tatsuya_jcp
toba_megumi,toba_megumi
takemasakoichi,takemasakoichi
kohiyamaseisaku,kohiyamaSEISAKU
muraihideki,muraihideki
Suga_Katsumi,Suga_Katsumi
shindo_y,shindo_y
yamakawa_yuriko,yamakawa_yuriko
yakou_kanji,yakou_kanji
kikawadahitoshi,kikawadahitoshi
jcpniiza,jcpniiza
toyota_mayuko,toyota_mayuko
aoyagi_h,aoyagi_h
edanoyukio0531,edanoyukio0531
hmakihara,hmakihara
tinenaganuma,tinenaganuma
komiyama_yasko,komiyama_yasko
kamiyama_saichi,KAMIYAMA_SAICHI
tsujijcp,tsujiJCP
shiba_masa,shiba_masa
140829haruking,140829Haruking
nipponniyumeo,nipponniyumeo
taimei1,taimei1
shibaoka_yuma,shibaoka_yuma
misumikouenkai1,misumikouenkai1
konno_tomohiro,konno_tomohiro
hayashihide22,HAYASHIhide22
mori_morita,mori_morita
nonakajimusho,nonakajimusho
kitazumi5,kitazumi5
masayoikeda_sdp,masayoikeda_sdp
shinako_jimusho,shinako_jimusho
KyokoNae,KyokoNae
ishinhatano,ishinhatano
hiromitsubayasi,hiromitsubayasi
umemura_saeko,umemura_saeko
hide24004517,hide24004517
Tanaka_Ryosei,Tanaka_Ryosei
koredeiinoka,koredeiinoka
kanametajima,kanametajima
y___hasegawa,y___hasegawa
kobahawk,kobahawk
kushibuchi,kushibuchi
kazu_okajima,kazu_okajima
NODAYOSHI55,NODAYOSHI55
junko_okano,junko_okano
yamaatsu2311,Yamaatsu2311
sonourakentaro,sonourakentaro
endo_nobuhiko,ENDO_NOBUHIKO
ubukatayukio66,ubukatayukio66
hoshi__kentaro,hoshi__kentaro
hatano_rina,hatano_rina
ishiduka_s,Ishiduka_S
saitou_ken,saitou_ken
ota_kazumi,ota_kazumi
ysakurada,ysakurada
ky60954585,ky60954585
sokuno2,sokuno2
akimoto_chiba9,akimoto_chiba9
fumiakishiina,fumiakishiina
RyoTagaya,RyoTagaya
wataame_hare,wataame_hare
hidaka_takeshi,hidaka_takeshi
oh304o,Oh304o
saitokazuko,saitokazuko
Shin1Miyakawa,Shin1Miyakawa
matsuzawakaoru,matsuzawakaoru
mikiharaguchi,mikiharaguchi
banrikaieda,banrikaieda
yamada_miki,yamada_miki
tw_matayoshi,tw_matayoshi
hatoyamataro,hatoyamataro
matsuo_akihiro,matsuo_akihiro
tujikiyoto,tujikiyoto
tsujikiyoto,tsujikiyoto
kouzai2007,kouzai2007
matsubarajin731,matsubarajin731
ishiharahirotak,ishiharahirotak
iyaiya_55,iyaiya_55
nambamichiyo,nambamichiyo
idomasae,idomasae
TAIRAMASAAKI,TAIRAMASAAKI
fukudamineyuki,fukudamineyuki
wakamiya7788,wakamiya7788
EmikoUematsu,EmikoUematsu
nakaokamaki,nakaokamaki
ochiaitakayuki,ochiaitakayuki
ochitakao,ochitakao
ikumalien,ikumalien
nagatsumaakira,nagatsumaakira
Matsumoto_7ku,Matsumoto_7ku
osanai235,osanai235
takatanekiuchi,takatanekiuchi
madokayoriko,madokayoriko
tokyo8staff,tokyo8staff
yoshidaharumi,YoshidaHarumi
IshiharaNobu,IshiharaNobu
zengakuren,Zengakuren
HarachanJ,HarachanJ
takamatu,takamatu
sugawaraisshu,sugawaraisshu
jcptokyo10,jcptokyo10
wakasaminagiru,wakasaminagiru
toshi_yoshii777,toshi_yoshii777
suzukiyosuke1,suzukiyosuke1
hyt4all,HYT4ALL
Azuma_united_FC,Azuma_united_FC
maejun_jp,maejun_jp
teamohta,teamohta
saorijimusyo,saorijimusyo
ikeuchi_saori,ikeuchi_saori
sobuemotoki,SobueMotoki
KitajoTomohiko,KitajoTomohiko
Dr_Kamo,Dr_Kamo
atoukazuyuki,atoukazuyuki
7bzhvilogf8yhwh,7bZHvilOGf8YHwh
mihotanii,mihotanii
matusimamidori,matusimamidori
yoshida_toshio,yoshida_toshio
310kakizawa,310kakizawa
ino_takasi,ino_takasi
akimoto_tsukasa,akimoto_tsukasa
tamukenshizuoka,tamukenshizuoka
AkiHatsushika,AkiHatsushika
over_wash,over_wash
nishidachikara,nishidachikara
katsueihirasawa,katsueihirasawa
NaotoKan,NaotoKan
TsuchiyaMasatad,TsuchiyaMasatad
sugishitashigeo,SugishitaShigeo
sasakirika4649,sasakirika4649
9999suematsu,9999suematsu
matsumoto_yohei,matsumoto_yohei
miyamototooru,miyamototooru
kanoakira1,kanoakira1
kihara_seiji,kihara_seiji
nagashima21,nagashima21
Team_Koito2017,Team_Koito2017
koitokensuke,koitokensuke
odawarakiyoshi,odawarakiyoshi
amakinaoto,amakinaoto
rhein2011,Rhein2011
yamahanaikuo,yamahanaikuo
tatsuyaito0501,tatsuyaito0501
akahigepapa,akahigepapa
shunsuke_ishin,shunsuke_ishin
masanobu_ogura,masanobu_ogura
iidamiyako1,iidamiyako1
narihisa804,narihisa804
Inoue_9,Inoue_9
OzawaSakihito,OzawaSakihito
yyoko1117,yyoko1117
shinrai_seiji,shinrai_seiji
go_shinohara,go_shinohara
junmatsumoto411,junmatsumoto411
kiyofumi_ohnuki,kiyofumi_ohnuki
hashimotokumi,hashimotokumi
takahashinoe,takahashinoe
sugawitter,sugawitter
kugimarususumu,KugimaruSusumu
ikiaiko,ikiaiko
asao_keiichiro,asao_keiichiro
waseda_yuki,waseda_yuki
ty_polepole,ty_polepole
yokoyamaseigo,yokoyamaseigo
sakai_manabu,sakai_manabu
yoshiokakenji,yoshiokakenji
IsamuUeda,IsamuUeda
aoyagy,aoyagy
kawano_an,kawano_an
kazuma_nakatani,kazuma_nakatani
edaoffice,edaoffice
mitani_h,mitani_h
tsune0024,tsune0024
nodokajcp,nodokajcp
hirofumi_ryu,hirofumi_ryu
norihiron,norihiron
hatanokimie,hatanokimie
happy_ichikawa,happy_ichikawa
t_kazunori,t_kazunori
mashiroryo1,mashiroryo1
harateruo,HaraTeruo
abe_tomoko,abe_tomoko
hossys,hossys
info_okazaki,info_okazaki
kentarou450417,kentarou450417
akama_jiro,akaMA_jiRO
nogiryosuke,nogiryosuke
konotarogomame,konotarogomame
yuichi510510,yuichi510510
yoshiiehiroyuki,yoshiiehiroyuki
yokotaeiji17,yokotaeiji17
KAMIYAMA_Yosuke,KAMIYAMA_Yosuke
makishimakaren,makishimakaren
wakayasu1985,wakayasu1985
yamagiwa001,yamagiwa001
chinami_niigata,chinami_niigata
tohruishizaki,TohruIshizaki
efisgfiseeedhde,efisgfiseeedhde
washioeiichirou,washioeiichirou
hosoda_kenichi,hosoda_kenichi
kuroiwatakahir1,kuroiwatakahir1
saito_hiroaki_,saito_hiroaki_
kikuta_official,kikuta_official
megumi_kaneko4,megumi_kaneko4
kasahara_reika,kasahara_reika
ShiminhaEtsuko,ShiminhaEtsuko
IzumidaHirohiko,IzumidaHirohiko
umetani_m,umetani_m
takatorishuichi,takatorishuichi
aoyama_ryosuke,aoyama_ryosuke
toyo23office,toyo23office
hi_sakamoto,hi_sakamoto
shibatamikiinfo,shibatamikiinfo
satoshimiyamoto,satoshimiyamoto
hajime24331,hajime24331
kondokazuya,kondokazuya
hatibe47,hatibe47
jcp_555,jcp_555
genmiyauchi1982,genmiyauchi1982
ainishiwaki,AiNishiwaki
KatsuNakajima,KatsuNakajima
nakatani80,nakatani80
rei500313,Rei500313
kotaro_nagasaki,kotaro_nagasaki
hiroyuki_kobaya,hiroyuki_kobaya
genkihoriuchi,genkihoriuchi
1984urban,1984urban
komatsu_yutaka,komatsu_yutaka
nakagawahiroji,nakagawahiroji
daisuketeduka,daisuketeduka
mutaishunsuke,mutaishunsuke
koganezawayuka,KoganezawaYuka
yousei_ide,yousei_ide
HrpNagano3,HrpNagano3
yukiatkanagawa,yukiatkanagawa
kiuchi_hitoshi,kiuchi_hitoshi
eimouri,eimouri
tera3yoshiyuki,tera3yoshiyuki
itrsoga,itrsoga
info48872502,info48872502
noda_seiko93,noda_seiko93
morizakurafsys,morizakurafsys
sakaguchi_naoto,Sakaguchi_Naoto
mutouyouji,mutouyouji
imai_masato,imai_masato
furuya_keiji,Furuya_keiji
chikachika_gogo,chikachika_gogo
Masanari_Koike,Masanari_Koike
my_fc1,my_fc1
kamikawa_yoko,Kamikawa_Yoko
tsutomu_s2,tsutomu_s2
T_Ibayashi,T_Ibayashi
n_koyama1,n_koyama1
miyazawa_japan,miyazawa_japan
031004GOGO,031004GOGO
tanaka_otaku,tanaka_otaku
hosono_54,hosono_54
TyTkr,TyTkr
takaaki_katsu,takaaki_katsu
YutaHiyoshi,YutaHiyoshi
gemmakentaro,gemmakentaro
kumadahiromichi,kumadahiromichi
iakas_oratnek,iakas_oratnek
Fullgen,Fullgen
kondo_shoichi,kondo_shoichi
ikeda_0620,ikeda_0620
nisida_tosiko,nisida_tosiko
yoshiomaki758,yoshiomaki758
kudoshozo,kudoshozo
kanda_kenji_,kanda_kenji_
gorichan2014,gorichan2014
a1zyy1qb0wm90qi,a1zyy1Qb0WM90qi
niwahideki,niwahideki
ShioriYamao,ShioriYamao
clfcde1eljomceq,clFCDe1EljoMCEQ
tadahiko_itoh,tadahiko_itoh
mitsunori_ok,mitsunori_ok
2b28a3370fae4f9,2b28a3370fae4f9
itakurama,itakurama
nekoyasui,nekoyasui
sugichannet,sugichannet
HondaNobuhiro,HondaNobuhiro
furumoto_s11,furumoto_s11
shigetoku2,shigetoku2
oniken0024,oniken0024
ohmisei,ohmisei
kpf9,kpf9
k_tanaka_1010,k_tanaka_1010
imaeda_soichiro,imaeda_soichiro
jkabucp,jkabucp
nemotoyukinori,nemotoyukinori
naohisamatsuda,naohisamatsuda
maki1868,maki1868
okada_katsuya,okada_katsuya
fujitadaisuke,fujitadaisuke
mitsuya_office,mitsuya_office
tajimaissei,tajimaissei
mkynet1975,mkynet1975
taigetsu1953,taigetsu1953
Ueno_Kenichiro,Ueno_Kenichiro
jcp_ishidoh,jcp_ishidoh
ogawa_yasue,ogawa_yasue
nobu_takemura,nobu_takemura
nissyzaaaawa,nissyzaaaawa
kokutakeiji,kokutakeiji
chitak21,chitak21
maehara2016,Maehara2016
shigeport,shigeport
mimu_kanamori,mimu_kanamori
office50824963,office50824963
MoriNatsue,MoriNatsue
kimura841,kimura841
koichiyoshida4,koichiyoshida4
kitagamikeiro,kitagamikeiro
Tanaka_Hide,Tanaka_Hide
kyamauchi2,kyamauchi2
marikokoro556,marikokoro556
kyoto_honda,kyoto_honda
kazunori_kibou,kazunori_kibou
ryoichikamijo,ryoichikamijo
yamanoikazunori,yamanoikazunori
andouhiroshi,andouhiroshi
ikunotennohji,ikunotennohji
onishi_hiroyuki,onishi_hiroyuki
otsujikanako,otsujikanako
shiiki_tamotsu_,shiiki_tamotsu_
310akirasato,310akirasato
shigeki3468,shigeki3468
yuiwatanabe_osk,yuiwatanabe_osk
tadashishimizu,tadashishimizu
minobeteruo,minobeteruo
iloveyatchan,iloveyatchan
torukunishige,ToruKunishige
jcpkitayama,jcpkitayama
kazumokeigo,kazumokeigo
isashinichi,isashinichi
fumiyoshi610,fumiyoshi610
hanahanaexpress,hanahanaexpress
naomi_tokashiki,naomi_tokashiki
makoara0810,makoara0810
tommykun01,tommykun01
hattori_ryoichi,hattori_ryoichi
adachiyasushi,adachiyasushi
harada_kenji,harada_kenji
tsujimotokiyomi,tsujimotokiyomi
matsunamikenta,matsunamikenta
HiranoHirofumi,HiranoHirofumi
nobuhisaito,nobuhisaito
itonobuhisa,itonobuhisa
SatoYukari,SatoYukari
matsuo_masanori,matsuo_masanori
fumi_fuji,fumi_fuji
jcphigashiosaka,jcphigashiosaka
nishino_koichi,nishino_koichi
kanhideki,kanhideki
aonoyoshiaki,aonoyoshiaki
munekiyooffice,MunekiyoOffice
takashinagao,takashinagao
uranoyasuto,uranoyasuto
NaokazuTakemoto,NaokazuTakemoto
kitagawa_kazuo,kitagawa_kazuo
moriyamahiro,MORIYAMAhiro
fujimotosachico,fujimotosachico
baba_ishin,baba_ishin
yanotadasige,yanotadasige
noboru_kamitani,noboru_kamitani
0620_appletree,0620_appletree
maruyamahodaka,maruyamahodaka
tom_tanigawa,Tom_Tanigawa
rikiriki1005,rikiriki1005
rikitomorenntai,rikitomorenntai
isakanobuhiko,isakanobuhiko
AKBhyogo2ku,AKBhyogo2ku
jhiramatu,jhiramatu
sekiyoshihiro,sekiyoshihiro
FujiiHisayuki,FujiiHisayuki
naokoikumura,naokoikumura
sakurai_shu,sakurai_shu
Ogushi_Masaki,Ogushi_Masaki
satiueda29,satiueda29
hatanaka_mitsu,hatanaka_mitsu
keemiki,keemiki
ymd_knj,Ymd_Knj
Hiro_NAKANO_,Hiro_NAKANO_
teruhoriuchi,teruhoriuchi
humandream1,humandream1
nkikucchi,nkikucchi
kikuchiouen,kikuchiouen
nishy03,nishy03
mineo_kaneda,mineo_kaneda
inasan1730724,inasan1730724
nagayasu2,nagayasu2
yuzuruhori_jcp,yuzuruhori_jcp
244yamaguchi,244yamaguchi
inoueyoshiko122,inoueyoshiko122
mabuchi_sumio,mabuchi_sumio
yoshino_ishin,yoshino_ishin
shigekinara,ShigekiNara
k_maekawa,k_maekawa
syogatani,syogatani
shuheikishimoto,shuheikishimoto
kado_wakayama,kado_wakayama
wvzurewxzk7lisw,wVZureWXzk7LiSw
aozoranaru,aozoranaru
shigeruishiba,shigeruishiba
fukuzumih,fukuzumih
shunji_yuhara,shunji_yuhara
ryosei_akazawa,ryosei_akazawa
kameiakikoweb,kameiakikoweb
HosodaHiroyuki,HosodaHiroyuki
mukose3,mukose3
t_takai,t_takai
ichiroaisawa,ichiroaisawa
haruka_tubasa,haruka_tubasa
Tsumura_Keisuke,Tsumura_Keisuke
tanabe_yuji,tanabe_yuji
yamashita_ok,YAMASHITA_OK
uchiyama_akira_,uchiyama_akira_
hiranumaokayama,HiranumaOkayama
abetoshiko,abetoshiko
3bihv3x5oh9us09,3BIhV3X5oh9us09
yunoki_m,yunoki_m
ga9_h,ga9_h
tarui_yoshikazu,tarui_yoshikazu
katsunobukato,katsunobukato
peaceosanishi,peaceosanishi
yoshio7_m,yoshio7_m
kana_628,kana_628
nomuramasateru,nomuramasateru
shiomura,shiomura
imaedajin,imaedajin
katsukawai,katsukawai
OjSKdc90T9HNBRa,OjSKdc90T9HNBRa
yjochi,yjochi
soramoto_seiki,soramoto_seiki
hashimotokotoe,HashimotoKotoe
terada124,terada124
kouji_satou,kouji_satou
kojimatoshifumi,kojimatoshifumi
koji_1951,koji_1951
kb2474,kb2474
miwako_hrp,miwako_hrp
KishiNobuo,KishiNobuo
SakamotoFumiko,SakamotoFumiko
takeokawamura,takeokawamura
democracymonst,democracymonst
AbeShinzo,AbeShinzo
yamachi0102,yamachi0102
gotodamasazumi,GotodaMasazumi
seitikawashima,seitikawashima
junyaog,junyaog
hiratakuchan,hiratakuchan
tamakiyuichiro,tamakiyuichiro
setotakakazu,setotakakazu
yasu_shio,yasu_shio
issikikazumasa,issikikazumasa
yokoyamagogo,yokoyamagogo
shiraishiyoichi,shiraishiyoichi
hiroki_shira,hiroki_shira
fsakura,fsakura
matsu_en,matsu_en
igosso014,igosso014
gen_nakatani,gen_nakatani
hirota11,hirota11
yamamotoyuji,yamamotoyuji
ishii_hidetoshi,ishii_hidetoshi
goseigosay,goseigosay
matsuo_ritsuko,matsuo_ritsuko
inatomi_office,inatomi_office
yamauchiko1,yamauchiko1
kogaatsushi,kogaatsushi
sindome7,sindome7
mkawano2416,mkawano2416
MiyauchiHideki,MiyauchiHideki
tanakayoji,tanakayoji
kusuda_daizoo,kusuda_daizoo
yoshiaki_harada,yoshiaki_harada
tokikobayashi,tokikobayashi
nishihara_tada,nishihara_tada
omuta_eguchi,omuta_eguchi
harakeikei,harakeikei
tsuyako1127,tsuyako1127
taro_aso_,taro_aso_
syouzoumajima,syouzoumajima
miharaasahiko,MiharaAsahiko
ezzdxpqwoyfkdvh,EzZdXPQWoYFkDVH
TAMURATAKAAKI,TAMURATAKAAKI
kiitakashi,kiitakashi
yamamotogiin,yamamotogiin
fwic9857,fwic9857
thinkbig_toru,thinkbig_toru
kharaguchi,kharaguchi
Kazuchika_Iwata,Kazuchika_Iwata
OogushiHiroshi,OogushiHiroshi
jcpishimaru,jcpishimaru
suechandesu,suechandesu
tukinokawasator,tukinokawasator
minsyudai4,minsyudai4
kihara_minoru,kihara_minoru
nishino_daisuke,nishino_daisuke
panpakapapico,panpakapapico
nekotanchan,nekotanchan
xdauib5hhmwisqv,XdauiB5HHmwisqv
YoshikawaHajime,YoshikawaHajime
etoseishiro,etoseishiro
izki_toyama,izki_toyama
syunsuke_takei,syunsuke_takei
hrpkonoichiro,hrpkonoichiro
kawauchihiroshi,kawauchihiroshi
tsuyoshi1981y,tsuyoshi1981y
yasuokahirotake,yasuokahirotake
kokubkonosuke,kokubkonosuke
akamineseiken,akamineseiken
reikoshimoji,reikoshimoji
mikioshimoji,mikioshimoji
Miyazaki_kirin,Miyazaki_kirin
kinjou_tatsurou,kinjou_tatsurou
tamakidenny,tamakidenny
_tomikawa,_tomikawa
NakasatoOkinawa,NakasatoOkinawa
ryujikawabe,ryujikawabe
peace12wave,peace12wave
hatayama_kazuya,hatayama_kazuya
qn93vr,Qn93vR
hidemichisato,hidemichisato
jmqrz1xewz0lj01,jmqRZ1XEwz0Lj01
yamazakimaya,YamazakiMaya
yuichi_mayama,yuichi_mayama
chiduko916,chiduko916
noboruusami,NoboruUsami
teratamanabu,teratamanabu
yanaihissho,yanaihissho
akutsuyukihiko,akutsuyukihiko
yamazakimakoto,yamazakimakoto
ETO_Akinori,ETO_Akinori
okamotooffice,OkamotoOffice
koshimizu_k1,koshimizu_k1
koike_kazunori,koike_kazunori
ShiokawaTetsuya,ShiokawaTetsuya
namiki2020,Namiki2020
kojimaichiro,kojimaichiro
akemimitsubachi,AkemiMitsubachi
paul_morimori,Paul_morimori
horikoshikeinin,horikoshikeinin
yasutaka_nksn,yasutaka_nksn
yamanashi_yasuo,yamanashi_yasuo
papiya396,papiya396
Noriko_Furuya,Noriko_Furuya
shiikazuo,shiikazuo
realjimmu_hrp,realJimmu_HRP
yuzofurukawa,yuzofurukawa
yokunihideyuki,yokunihideyuki
ueno_hiroshi,ueno_hiroshi
norikomiya,norikomiya
noriyuki_ishi,noriyuki_ishi
akibacsi,akibacsi
kisskisi,kisskisi
waka929,waka929
ttanigawa3,ttanigawa3
tomita_naoki,tomita_naoki
itomasaki,itomasaki
koizumitoshiaki,koizumitoshiaki
takeuchi_hibiki,takeuchi_hibiki
takeda_tokyo20,TAKEDA_TOKYO20
hiromu_morimura,hiromu_morimura
shakuryoko,shakuryoko
hiroko_nanami,hiroko_nanami
otsukitv,otsukitv
kimurataketsuka,KimuraTaketsuka
manabu_tokyo5,manabu_tokyo5
h_nakatsugawa,h_nakatsugawa
Makoto_Yosano,Makoto_Yosano
sijinashi,sijinashi
ootamasataka,ootamasataka
itou_makoto1974,Itou_Makoto1974
yukiko_nagase,yukiko_nagase
melf4511,melf4511
fujinofujinooo,FujinoFujinooo
tmiyazawa007,Tmiyazawa007
y0shida0samu,y0shida0samu
kawoyosida,kawoyosida
yamamoto_taku,yamamoto_taku
kenta_waka,kenta_waka
ito_wataru,ito_wataru
nakagawa_komei,nakagawa_komei
u_simazu,u_simazu
motomura_nobuko,motomura_nobuko
nakasehiroyuki1,nakasehiroyuki1
nakayasu40,nakayasu40
egasiratosimitu,egasiratosimitu
tatsuyoshikato,TatsuyoshiKato
asebora,asebora
nakanehiromi,NakaneHiromi
ShimadaKoujiMie,ShimadaKoujiMie
Tomo_Ukishima,Tomo_Ukishima
takeuchi_yuzuru,takeuchi_yuzuru
HamamuraSusumu,HamamuraSusumu
wanibuchiyoko,WanibuchiYoko
1975_miwa,1975_miwa
minatoyuko,minatoyuko
sshiomi,sshiomi
saitotetsuo,saitotetsuo
tekuteku_diary,tekuteku_diary
1218fuji,1218Fuji
rikenminshu,rikenminshu
miosugita,miosugita
ishidanoritoshi,ishidanoritoshi
sima_omi,sima_omi
rie_nakanishi77,rie_nakanishi77
hayashijunoffic,hayashijunoffic
kiyohiko_toyama,kiyohiko_toyama
hamachi_m,hamachi_m
yoshida_komei,yoshida_komei
masudajcp,masudajcp
monsmsg2,monsmsg2
kai02yamashita,kai02yamashita
nakayamanariaki,nakayamanariaki
EnatsuMasatoshi,EnatsuMasatoshi
maedakouichi777,maedakouichi777
yoshitomi_kazue,yoshitomi_kazue
miyajitakuma,miyajitakuma
